{
    "train_acc": 1.0,
    "train_auc": 1.0,
    "val_acc": 0.9222222222222223,
    "val_auc": 0.9685802469135802
}